{
  "finger": "left-index",
  "row": 0,
  "rowLabel": "Number",
  "key": "5",
  "calculatedLeft": 11.370833333333334,
  "calculatedTop": -11.560000000000002,
  "draggedLeft": 16.370833333333334,
  "draggedTop": -10.618823529411767,
  "deltaH": 5,
  "deltaV": 0.9411764705882355
}