{
  "finger": "left-middle",
  "row": 3,
  "rowLabel": "Bottom",
  "key": "ב",
  "calculatedLeft": 11.076388888888891,
  "calculatedTop": 62.72,
  "draggedLeft": 14.899918300653598,
  "draggedTop": 61.77882352941177,
  "deltaH": 3.8235294117647065,
  "deltaV": -0.941176470588232
}