{
  "finger": "left-pinky",
  "row": 2,
  "rowLabel": "Home",
  "key": "ש",
  "calculatedLeft": 18.3125,
  "calculatedTop": 34.1,
  "draggedLeft": 10.5125,
  "draggedTop": 31.543181707346733,
  "deltaH": -7.800000000000001,
  "deltaV": -2.5568182926532685
}