{
  "finger": "left-index",
  "row": 2,
  "rowLabel": "Home",
  "key": "ע",
  "calculatedLeft": 13.172635135135138,
  "calculatedTop": 28.439999999999998,
  "draggedLeft": 19.93734101748808,
  "draggedTop": 28.910588235294114,
  "deltaH": 6.764705882352942,
  "deltaV": 0.470588235294116
}