{
  "finger": "left-ring",
  "row": 1,
  "rowLabel": "Top",
  "key": "'",
  "calculatedLeft": 11.06944444444444,
  "calculatedTop": 16.6,
  "draggedLeft": 10.86944444444444,
  "draggedTop": 32.79318252013738,
  "deltaH": -0.1999999999999993,
  "deltaV": 16.193182520137377
}