{
  "finger": "left-thumb",
  "row": 4,
  "rowLabel": "Space",
  "key": " ",
  "calculatedLeft": 37.72472943722944,
  "calculatedTop": -39.75861471861474,
  "draggedLeft": 18.89356060606061,
  "draggedTop": 10.80415584415583,
  "deltaH": -18.83116883116883,
  "deltaV": 50.56277056277057
}