{
  "finger": "left-ring",
  "row": 0,
  "rowLabel": "Number",
  "key": "2",
  "calculatedLeft": 10.869444444444442,
  "calculatedTop": 0.47999999999999976,
  "draggedLeft": 9.104738562091502,
  "draggedTop": 2.36235294117647,
  "deltaH": -1.7647058823529402,
  "deltaV": 1.8823529411764703
}