{
  "finger": "left-pinky",
  "row": 3,
  "rowLabel": "Bottom",
  "key": "ז",
  "calculatedLeft": 10.3125,
  "calculatedTop": 45.64,
  "draggedLeft": 12.8125,
  "draggedTop": 45.169411764705885,
  "deltaH": 2.5,
  "deltaV": -0.470588235294116
}