{
  "finger": "left-ring",
  "row": 2,
  "rowLabel": "Home",
  "key": "ד",
  "calculatedLeft": 11.06944444444444,
  "calculatedTop": 50.3,
  "draggedLeft": 11.06944444444444,
  "draggedTop": 48.59545447156449,
  "deltaH": 0,
  "deltaV": -1.70454552843551
}