{
  "finger": "left-middle",
  "row": 1,
  "rowLabel": "Top",
  "key": "ר",
  "calculatedLeft": 11.076388888888891,
  "calculatedTop": 22.720000000000002,
  "draggedLeft": 11.664624183006538,
  "draggedTop": 9.543529411764707,
  "deltaH": 0.5882352941176467,
  "deltaV": -13.176470588235295
}