{
  "finger": "left-index",
  "row": 1,
  "rowLabel": "Top",
  "key": "א",
  "calculatedLeft": 13.172635135135138,
  "calculatedTop": 8.439999999999998,
  "draggedLeft": 18.907929252782196,
  "draggedTop": 8.910588235294115,
  "deltaH": 5.735294117647058,
  "deltaV": 0.47058823529411775
}