{
  "finger": "left-ring",
  "row": 3,
  "rowLabel": "Bottom",
  "key": "ס",
  "calculatedLeft": 10.869444444444442,
  "calculatedTop": 60.480000000000004,
  "draggedLeft": 13.810620915032677,
  "draggedTop": 58.12705882352942,
  "deltaH": 2.9411764705882355,
  "deltaV": -2.352941176470587
}