{
  "finger": "left-middle",
  "row": 0,
  "rowLabel": "Number",
  "key": "3",
  "calculatedLeft": 11.076388888888891,
  "calculatedTop": 2.7199999999999998,
  "draggedLeft": 9.017565359477127,
  "draggedTop": 4.131764705882353,
  "deltaH": -2.0588235294117645,
  "deltaV": 1.4117647058823533
}