{
  "finger": "right-index",
  "row": 1,
  "rowLabel": "Top",
  "key": "ו",
  "calculatedLeft": 48.38472222222222,
  "calculatedTop": 16.6,
  "draggedLeft": 48.18472222222222,
  "draggedTop": 20.00909105687103,
  "deltaH": -0.20000000000000284,
  "deltaV": 3.409091056871027
}