{
  "finger": "right-pinky",
  "row": 3,
  "rowLabel": "Bottom",
  "key": ",",
  "calculatedLeft": 49.86317567567568,
  "calculatedTop": 45.64,
  "draggedLeft": 56.33376391096979,
  "draggedTop": 24.934117647058823,
  "deltaH": 6.470588235294116,
  "deltaV": -20.705882352941178
}