{
  "finger": "right-ring",
  "row": 3,
  "rowLabel": "Bottom",
  "key": "ץ",
  "calculatedLeft": 48.63055555555556,
  "calculatedTop": 60.480000000000004,
  "draggedLeft": 54.218790849673205,
  "draggedTop": 60.480000000000004,
  "deltaH": 5.588235294117645,
  "deltaV": 0
}