{
  "finger": "right-thumb",
  "row": 4,
  "rowLabel": "Space",
  "key": " ",
  "calculatedLeft": 60.43327922077922,
  "calculatedTop": -39.75861471861474,
  "draggedLeft": 53.50687229437229,
  "draggedTop": 14.267359307359285,
  "deltaH": -6.926406926406926,
  "deltaV": 54.02597402597402
}