{
  "finger": "right-index",
  "row": 0,
  "rowLabel": "Number",
  "key": "7",
  "calculatedLeft": 41.18472222222222,
  "calculatedTop": -11.560000000000002,
  "draggedLeft": 45.596486928104575,
  "draggedTop": -10.148235294117649,
  "deltaH": 4.411764705882355,
  "deltaV": 1.4117647058823533
}