{
  "finger": "right-middle",
  "row": 1,
  "rowLabel": "Top",
  "key": "ו",
  "calculatedLeft": 42.48491379310344,
  "calculatedTop": 22.720000000000002,
  "draggedLeft": 48.51432555780932,
  "draggedTop": 9.543529411764707,
  "deltaH": 6.029411764705884,
  "deltaV": -13.176470588235295
}