{
  "finger": "right-pinky",
  "row": 0,
  "rowLabel": "Number",
  "key": "0",
  "calculatedLeft": 49.1875,
  "calculatedTop": -14.360000000000001,
  "draggedLeft": 46.24632352941177,
  "draggedTop": -12.47764705882353,
  "deltaH": -2.941176470588232,
  "deltaV": 1.882352941176471
}