{
  "finger": "right-ring",
  "row": 1,
  "rowLabel": "Top",
  "key": "ן",
  "calculatedLeft": 42.64396551724138,
  "calculatedTop": 20.479999999999997,
  "draggedLeft": 48.52631845841785,
  "draggedTop": 22.362352941176468,
  "deltaH": 5.882352941176471,
  "deltaV": 1.882352941176471
}