{
  "finger": "right-index",
  "row": 3,
  "rowLabel": "Bottom",
  "key": "צ",
  "calculatedLeft": 41.18472222222222,
  "calculatedTop": 48.44,
  "draggedLeft": 52.80236928104575,
  "draggedTop": 48.910588235294114,
  "deltaH": 11.617647058823529,
  "deltaV": 0.470588235294116
}