{
  "finger": "right-middle",
  "row": 3,
  "rowLabel": "Bottom",
  "key": "ת",
  "calculatedLeft": 48.423611111111114,
  "calculatedTop": 62.72,
  "draggedLeft": 53.12949346405229,
  "draggedTop": 62.72,
  "deltaH": 4.705882352941174,
  "deltaV": 0
}