{
  "finger": "right-pinky",
  "row": 1,
  "rowLabel": "Top",
  "key": "\\",
  "calculatedLeft": 70.73922413793105,
  "calculatedTop": 5.64,
  "draggedLeft": 69.85687119675458,
  "draggedTop": 6.581176470588235,
  "deltaH": -0.8823529411764639,
  "deltaV": 0.9411764705882355
}