{
  "finger": "right-index",
  "row": 2,
  "rowLabel": "Home",
  "key": "ח",
  "calculatedLeft": 41.18472222222222,
  "calculatedTop": 28.439999999999998,
  "draggedLeft": 41.478839869281046,
  "draggedTop": 40.675294117647056,
  "deltaH": 0.29411764705882604,
  "deltaV": 12.235294117647058
}