{
  "finger": "right-ring",
  "row": 2,
  "rowLabel": "Home",
  "key": "ך",
  "calculatedLeft": 48.63055555555555,
  "calculatedTop": 47.7,
  "draggedLeft": 49.03055555555555,
  "draggedTop": 49.40454552843551,
  "deltaH": 0.3999999999999986,
  "deltaV": 1.70454552843551
}