{
  "finger": "right-pinky",
  "hAdj": -0.2,
  "rowOffsets": {
    "0": -44.21591178789624,
    "1": -29.35227438979905,
    "2": -27.272728454968213,
    "3": 3.6363642274841066,
    "4": 19.50000162558129
  },
  "timestamp": "2026-05-17T19:42:54.902Z"
}