{
  "finger": "right-middle",
  "row": 0,
  "rowLabel": "Number",
  "key": "8",
  "calculatedLeft": 48.423611111111114,
  "calculatedTop": 2.7199999999999998,
  "draggedLeft": 46.07066993464053,
  "draggedTop": 2.7199999999999998,
  "deltaH": -2.352941176470587,
  "deltaV": 0
}