{
  "finger": "right-ring",
  "row": 0,
  "rowLabel": "Number",
  "key": "9",
  "calculatedLeft": 48.63055555555556,
  "calculatedTop": 0.47999999999999976,
  "draggedLeft": 46.424673202614386,
  "draggedTop": 1.8917647058823528,
  "deltaH": -2.205882352941174,
  "deltaV": 1.411764705882353
}