{
  "finger": "thumb",
  "row": 4,
  "rowLabel": "Space",
  "key": " ",
  "calculatedLeft": 36.41666666666668,
  "calculatedTop": 67.60000000000001,
  "draggedLeft": 48.785087719298254,
  "draggedTop": 12.863157894736844,
  "deltaH": 12.368421052631575,
  "deltaV": -54.736842105263165
}